Firm_Name;Year;Year -1;Industry;ESG-SCORE;E-SCORE;S-SCORE;G-SCORE
Acacia Communications Inc;2017;2016;Communications & Networking;22.81689275;26.50735294;20.95070423;20.8750582
Accelerate Diagnostics Inc;2016;2015;Healthcare Equipment & Supplies;24.85334203;22.10338681;24.08592972;28.81208348
Advanced Energy Industries Inc;2016;2015;Semiconductors & Semiconductor Equipment;29.0311739;36.40973631;22.7841185;28.07705404
AGNC Investment Corp;2012;2011;Residential & Commercial REITs;23.76210091;22.26280835;30.9813721;17.03068516
AGNC Investment Corp;2013;2012;Residential & Commercial REITs;23.94150262;20.38216561;29.59989235;21.32329355
AGNC Investment Corp;2014;2013;Residential & Commercial REITs;24.17066433;20.13927066;29.6366987;22.30257136
AGNC Investment Corp;2015;2014;Residential & Commercial REITs;22.58136943;20.86040386;28.24258987;17.91053348
AGNC Investment Corp;2016;2015;Residential & Commercial REITs;23.96302251;24.80862208;27.9342723;18.39811257
Air Transport Services Group Inc;2017;2016;Freight & Logistics Services;21.81749069;13.85448916;23.3135656;28.95294616
Alleghany Corp;2013;2012;Insurance;24.28254072;23.84868421;31.38899185;16.49474093
Allscripts Healthcare Solutions Inc;2010;2009;Healthcare Equipment & Supplies;25.49296875;32.69761029;16.57130282;27.84579918
AMC Networks Inc;2012;2011;Media & Publishing;19.47027558;30.78614623;16.05897065;10.82639765
AMC Networks Inc;2015;2014;Media & Publishing;22.90758258;32.18137255;17.74647887;18.57677349
AMC Networks Inc;2016;2015;Media & Publishing;25.84404939;32.4894958;26.89637827;17.21116894
AMC Networks Inc;2017;2016;Media & Publishing;26.34942819;34.88621726;22.60203557;21.19472686
Amedisys Inc;2016;2015;Healthcare Providers & Services;25.11099205;31.57225853;28.51677969;13.94415528
Amedisys Inc;2017;2016;Healthcare Providers & Services;26.54355659;33.7334934;28.35584938;16.4191551
Amerco;2016;2015;Freight & Logistics Services;22.40104041;20.57007988;21.18761954;25.85445347
Amerco;2017;2016;Freight & Logistics Services;22.05142419;21.5407754;18.3818822;26.89177826
American National Insurance Co;2009;2008;Insurance;22.48036579;27.86012043;23.37251858;15.44485492
American National Insurance Co;2010;2009;Insurance;22.37849947;26.65306999;24.07731058;15.63609973
American National Insurance Co;2012;2011;Insurance;24.7224359;26.02941176;31.08450704;15.86044557
American National Insurance Co;2013;2012;Insurance;22.02407143;22.6876935;26.19996294;16.42383211
American National Insurance Co;2014;2013;Insurance;23.93480876;24.27875609;28.37086212;18.38811683
American National Insurance Co;2015;2014;Insurance;23.2957958;22.51270879;29.48182925;16.96860795
American National Insurance Co;2017;2016;Insurance;25.42436518;27.01601767;25.10745223;24.01892994
American Railcar Industries Inc;2017;2016;Machinery, Tools, Heavy Vehicles, Trains & Ships;23.00582797;23.66794544;17.74341702;28.39283108
AmerisourceBergen Corp;2008;2007;Food & Drug Retailing;22.03072225;22.22982216;25.64690468;17.59977557
Ametek Inc;2010;2009;Machinery, Tools, Heavy Vehicles, Trains & Ships;24.11820167;20.93533065;27.02738168;24.28022541
Ametek Inc;2011;2010;Machinery, Tools, Heavy Vehicles, Trains & Ships;24.87969496;18.50990396;29.35829261;26.7676516
Ametek Inc;2012;2011;Machinery, Tools, Heavy Vehicles, Trains & Ships;17.19450329;16.35382796;26.85257272;6.890290038
Apple Hospitality REIT Inc;2016;2015;Residential & Commercial REITs;27.93834002;37.77917584;17.83535437;28.72744077
Apple Hospitality REIT Inc;2017;2016;Residential & Commercial REITs;31.18124402;37.29822161;31.2708811;24.2579865
Applied Optoelectronics Inc;2017;2016;Communications & Networking;22.68487177;20.25735294;26.76056338;20.64712055
Aptargroup Inc;2011;2010;Containers & Packaging;16.04902868;7.928388747;14.39069198;27.0317405
Ares Capital Corp;2011;2010;Collective Investments;26.59254686;35.01838235;30.63380282;12.49605528
Ares Capital Corp;2012;2011;Collective Investments;24.48134442;32.36618972;26.88745083;12.89113073
Ares Capital Corp;2013;2012;Collective Investments;22.33011994;31.7933368;25.19631061;8.444902163
Ares Capital Corp;2014;2013;Collective Investments;24.47881445;33.79922217;29.00128041;8.82499792
Ares Capital Corp;2015;2014;Collective Investments;22.34784785;34.8155929;23.22825844;7.424637753
Ares Capital Corp;2016;2015;Collective Investments;24.07602182;34.84819734;26.89232167;8.789706669
ARMOUR Residential REIT Inc;2017;2016;Residential & Commercial REITs;29.07790698;38.11901505;24.27448411;24.59016393
Armstrong World Industries Inc;2011;2010;Construction Materials;36.75402045;62.51336898;27.95134443;18.28441876
Atrion Corp;2017;2016;Healthcare Equipment & Supplies;19.00479624;34.12629758;10.38214582;12.18424034
Axalta Coating Systems Ltd;2015;2014;Chemicals;26.43875502;25.29203171;26.01138747;28.21449733
Axon Enterprise Inc;2016;2015;Aerospace & Defense;20.13522502;20.22058824;24.35446009;15.12915309
Berkshire Hathaway Inc;2010;2009;Insurance;22.87729813;22.53112924;29.00174771;16.13473361
Berkshire Hathaway Inc;2014;2013;Insurance;23.20714863;19.55788685;31.20570557;17.96538237
Berkshire Hathaway Inc;2015;2014;Insurance;22.63088088;19.78939724;24.96957051;23.07635504
Bio Rad Laboratories Inc;2011;2010;Healthcare Equipment & Supplies;22.56792784;27.83143108;21.69434518;17.71720896
Black Hills Corp;2016;2015;Multiline Utilities;24.52846545;24.45378151;30.0804829;18.14953544
Black Hills Corp;2017;2016;Multiline Utilities;27.81098983;26.47058824;29.22535211;27.65898304
Blue Buffalo Pet Products Inc;2016;2015;Food & Tobacco;19.34307988;22.46684801;25.72254335;8.435569392
Blue Buffalo Pet Products Inc;2017;2016;Food & Tobacco;24.09532669;25.05504876;27.03547488;19.60333289
BMC Stock Holdings Inc;2017;2016;Paper & Forest Products;26.41626431;22.20588235;30.0915493;26.83201412
BOK Financial Corp;2010;2009;Banking Services;16.7237337;20.77346206;7.776045586;22.62380464
BOK Financial Corp;2011;2010;Banking Services;18.44322131;20.73432022;8.770170693;27.14800605
BOK Financial Corp;2012;2011;Banking Services;19.57338296;20.09487666;13.33939119;26.24800336
BOK Financial Corp;2013;2012;Banking Services;14.41832243;18.522855;11.61299004;13.10800088
BOK Financial Corp;2014;2013;Banking Services;12.96776254;18.60912589;9.545434601;10.66239494
BOK Financial Corp;2015;2014;Banking Services;16.21194926;18.54697103;18.74500736;10.66066066
BOK Financial Corp;2016;2015;Banking Services;21.88769494;24.26806339;19.40960833;22.11849978
Booking Holdings Inc;2012;2011;Hotels & Entertainment Services;23.62785548;22.7124183;24.79015507;23.29550231
Booking Holdings Inc;2015;2014;Hotels & Entertainment Services;23.82490385;20.1625387;28.95972325;21.93094734
Brinks Co;2010;2009;Professional & Commercial Services;21.2187949;16.92444219;24.61753278;22.05003415
Brinks Co;2012;2011;Professional & Commercial Services;20.87192308;22.74886878;26.50595883;12.22194199
Brinks Co;2013;2012;Professional & Commercial Services;23.15455293;21.47717296;24.80554972;23.10276713
Brinks Co;2014;2013;Professional & Commercial Services;23.7571228;22.67417605;24.38817301;24.22984106
Brinks Co;2015;2014;Professional & Commercial Services;26.52157124;23.94818855;27.47411622;28.28156025
Brinks Co;2017;2016;Professional & Commercial Services;26.29902309;30.03296146;27.74708596;20.45114976
Bruker Corp;2012;2011;Healthcare Equipment & Supplies;32.76451122;62.890625;16.46126761;18.15720891
Bruker Corp;2013;2012;Healthcare Equipment & Supplies;32.3897185;60.22408964;17.20321932;19.03732843
Bruker Corp;2014;2013;Healthcare Equipment & Supplies;31.32990895;61.0410831;9.669125866;23.42098694
Bruker Corp;2015;2014;Healthcare Equipment & Supplies;34.96667437;66.58371041;11.43011918;27.11646072
Builders FirstSource Inc;2017;2016;Homebuilding & Construction Supplies;25.92714604;34.08823529;26.11971831;16.60539684
C.H. Robinson Worldwide Inc;2010;2009;Freight & Logistics Services;21.97734375;22.13235294;31.11502347;11.16888661
Cal-Maine Foods Inc;2017;2016;Food & Tobacco;19.01334802;18.82667506;19.02914815;19.20305214
Cardiovascular Systems Inc;2017;2016;Healthcare Equipment & Supplies;22.59706334;21.03157439;19.24710025;28.24133594
Career Education Corp;2008;2007;Personal & Household Products & Services;24.61520737;29.12713472;19.30940482;25.76112412
Carriage Services Inc;2017;2016;Personal & Household Products & Services;23.54690279;28.60040568;15.60628137;27.15585237
Castlight Health Inc;2017;2016;Healthcare Equipment & Supplies;26.29505508;42.8200692;23.5553024;11.06262031
CBL & Associates Properties Inc;2009;2008;Residential & Commercial REITs;33.72137454;57.17138707;25.73465484;16.87639498
CBL & Associates Properties Inc;2010;2009;Residential & Commercial REITs;35.37593976;54.82736573;25.88028169;24.74470628
CBL & Associates Properties Inc;2011;2010;Residential & Commercial REITs;33.01485721;47.15073529;30.75850939;19.88307007
CBL & Associates Properties Inc;2012;2011;Residential & Commercial REITs;28.58395024;40.98718695;25.14293683;18.76250525
CBL & Associates Properties Inc;2013;2012;Residential & Commercial REITs;29.3201773;38.11995386;30.24026512;18.43966842
CBL & Associates Properties Inc;2014;2013;Residential & Commercial REITs;26.21491694;40.73529412;18.62355954;18.86410918
CBL & Associates Properties Inc;2015;2014;Residential & Commercial REITs;30.58029037;41.01581809;21.9375074;29.00687573
Century Communities Inc;2017;2016;Homebuilding & Construction Supplies;29.11137452;39.55882353;24.27464789;23.09467057
Cerner Corp;2010;2009;Healthcare Equipment & Supplies;29.12778756;31.90651261;29.21277666;25.93127068
CF Industries Holdings Inc;2011;2010;Chemicals;23.08897467;18.82352941;31.30704225;18.27860548
CF Industries Holdings Inc;2012;2011;Chemicals;21.73397436;19.23076923;29.63705309;15.32576713
Chimera Investment Corp;2010;2009;Residential & Commercial REITs;21.12113351;23.06915132;25.27953983;14.10946038
Chimera Investment Corp;2011;2010;Residential & Commercial REITs;22.32598365;23.6511492;26.41777819;16.08616938
Chimera Investment Corp;2012;2011;Residential & Commercial REITs;22.62502068;22.37666034;25.47932758;19.57965532
Chimera Investment Corp;2013;2012;Residential & Commercial REITs;21.14753816;20.26976396;23.88535032;18.93940673
Chimera Investment Corp;2014;2013;Residential & Commercial REITs;20.88435568;20.24922118;23.8317757;18.16177082
Chimera Investment Corp;2015;2014;Residential & Commercial REITs;19.68654177;20.75504829;21.97393315;15.83304616
Chimera Investment Corp;2016;2015;Residential & Commercial REITs;24.90822866;24.7280419;26.17531674;23.63428516
Cimarex Energy Co;2013;2012;Oil & Gas;24.59793463;17.82996781;29.80870296;26.07756074
Clean Harbors Inc;2016;2015;Professional & Commercial Services;23.56796909;32.83069573;13.80210195;24.60913557
Clear Channel Outdoor Holdings Inc;2009;2008;Media & Publishing;24.61008699;38.58131488;23.32228666;10.53451859
Clear Channel Outdoor Holdings Inc;2010;2009;Media & Publishing;22.91910707;35.41540327;25.06897052;6.486509563
Clear Channel Outdoor Holdings Inc;2011;2010;Media & Publishing;35.09582018;64.09785068;31.00622969;7.525702991
Clear Channel Outdoor Holdings Inc;2012;2011;Media & Publishing;30.39880661;58.93347993;25.32578649;4.494325347
CommerceHub Inc;2017;2016;Software & IT Services;24.94442742;31.8991909;23.68972197;18.65197117
Concho Resources Inc;2011;2010;Oil & Gas;28.60845091;33.5381914;28.86623222;22.81296195
Continental Resources Inc;2009;2008;Oil & Gas;21.97840818;21.14317425;26.889007;17.19387362
Continental Resources Inc;2010;2009;Oil & Gas;18.60026042;21.39872995;23.03537132;10.31847678
Control4 Corp;2017;2016;Computers, Phones & Household Electronics;17.63248385;12.80276817;24.68931234;14.80274359
Corelogic Inc;2008;2007;Professional & Commercial Services;26.97006187;24.90712074;28.1097109;27.94325722
Corelogic Inc;2010;2009;Professional & Commercial Services;23.22177622;16.31592292;26.24453618;27.40181011
Corelogic Inc;2011;2010;Professional & Commercial Services;22.13796015;17.32026144;26.14576347;22.84368927
Crocs Inc;2017;2016;Textiles & Apparel;20.96915006;14.77941176;26.05633803;21.948033
Depomed Inc;2017;2016;Pharmaceuticals;23.75939082;19.34832757;23.4741784;29.00861021
Diamond Offshore Drilling Inc;2008;2007;Oil & Gas Related Equipment and Services;23.67514054;34.04139434;27.30829421;7.890564012
Dillard's Inc;2008;2007;Diversified Retail;20.45200893;17.83088235;29.04929577;13.36724239
Dillard's Inc;2011;2010;Diversified Retail;30.63820289;33.66596639;31.35060362;26.43380338
Dillard's Inc;2014;2013;Diversified Retail;29.85006742;32.16911765;28.26804577;29.10626612
DISH Network Corp;2008;2007;Media & Publishing;21.55073052;35.35141329;15.89537223;12.74882904
DISH Network Corp;2009;2008;Media & Publishing;21.81874482;31.10726644;24.53189727;8.306395752
DISH Network Corp;2010;2009;Media & Publishing;19.64958387;28.86597938;22.81835342;5.687329235
DISH Network Corp;2011;2010;Media & Publishing;24.44089753;37.61312217;23.0159805;11.41561612
DISH Network Corp;2012;2011;Media & Publishing;20.02343638;32.1055525;20.38962748;6.128625473
DISH Network Corp;2013;2012;Media & Publishing;21.722612;33.08823529;21.74295775;9.029055731
DISH Network Corp;2014;2013;Media & Publishing;21.95281574;34.72850679;19.58589142;10.46600649
DISH Network Corp;2015;2014;Media & Publishing;20.79288038;37.76960784;18.27464789;4.799061356
DISH Network Corp;2016;2015;Media & Publishing;29.41963226;53.16176471;19.41146881;14.60183879
DISH Network Corp;2017;2016;Media & Publishing;26.66667569;40.81150708;17.99629896;20.99041689
Dolby Laboratories Inc;2009;2008;Media & Publishing;33.48380972;50.58823529;22.26180613;27.47825752
Dolby Laboratories Inc;2010;2009;Media & Publishing;29.27109375;46.0733778;19.95789168;21.38063525
Dollar General Corp;2010;2009;Diversified Retail;11.43552827;17.57703081;11.4017438;4.628586066
Dollar General Corp;2011;2010;Diversified Retail;23.13908941;20.90336134;30.14336016;17.47886458
Donegal Group Inc;2017;2016;Insurance;22.75247429;25.44186689;30.48998215;10.74851111
Douglas Emmett Inc;2013;2012;Residential & Commercial REITs;33.55478989;56.61764706;23.17039492;19.93213013
Douglas Emmett Inc;2014;2013;Residential & Commercial REITs;35.87024689;62.20588235;23.13060179;21.34060082
DSW Inc;2011;2010;Specialty Retailers;21.74076971;20.40080738;19.82187241;25.46796884
DSW Inc;2012;2011;Specialty Retailers;18.6002849;19.56699346;19.54877413;16.4186633
DSW Inc;2013;2012;Specialty Retailers;22.40669686;25.54659032;18.83335411;23.06562442
DSW Inc;2014;2013;Specialty Retailers;23.01568442;27.52991027;19.18118883;22.44653408
DSW Inc;2015;2014;Specialty Retailers;25.20759396;31.0281964;19.38656734;25.49434681
DXC Technology Co;2008;2007;Software & IT Services;19.10683116;32.59141494;12.46669204;11.80352264
Eagle Materials Inc;2010;2009;Construction Materials;19.01013829;10.19269777;20.03399709;27.64771175
Eagle Materials Inc;2011;2010;Construction Materials;21.02043425;18.77564979;17.34359646;27.802415
Eagle Materials Inc;2013;2012;Construction Materials;32.76061002;57.01094391;21.79823125;18.48694096
Eagle Materials Inc;2014;2013;Construction Materials;32.68913244;57.92112299;23.65556978;15.07614213
Eagle Materials Inc;2015;2014;Construction Materials;31.00710711;52.15686275;19.01408451;21.38942221
Eagle Materials Inc;2016;2015;Construction Materials;22.33664979;20.76124567;20.61585197;26.09573381
Eagle Materials Inc;2017;2016;Construction Materials;21.36050665;23.80174292;21.62232655;18.33438731
EchoStar Corp;2010;2009;Communications & Networking;10.2226089;14.70588235;10.05121639;5.424351093
EchoStar Corp;2011;2010;Communications & Networking;9.287267081;13.36317136;7.930189835;6.323185012
EchoStar Corp;2012;2011;Communications & Networking;11.08580825;12.53196931;13.87017759;6.232870954
EchoStar Corp;2013;2012;Communications & Networking;11.49477231;17.45524297;11.97183099;4.295048201
EchoStar Corp;2014;2013;Communications & Networking;16.50208122;24.82352941;18.98591549;4.334692519
EchoStar Corp;2015;2014;Communications & Networking;17.69428804;26.53186275;20.33450704;4.769523622
EchoStar Corp;2016;2015;Communications & Networking;16.90012655;23.2266436;19.07622204;7.314783285
EchoStar Corp;2017;2016;Communications & Networking;21.55747404;31.72794118;22.20070423;9.471226346
Eldorado Resorts Inc;2017;2016;Hotels & Entertainment Services;28.30068765;30.75348696;28.13997386;25.75347987
Encore Wire Corp;2016;2015;Machinery, Tools, Heavy Vehicles, Trains & Ships;28.70909581;30.18351969;31.47479921;23.84637836
Encore Wire Corp;2017;2016;Machinery, Tools, Heavy Vehicles, Trains & Ships;30.28126747;38.86935209;26.77842417;24.78474486
Energy Recovery Inc;2017;2016;Machinery, Tools, Heavy Vehicles, Trains & Ships;21.8899566;16.63469736;28.84772403;19.64989333
Enterprise Products Partners LP;2010;2009;Oil & Gas Related Equipment and Services;24.88054888;31.41025641;30.9588299;10.52681011
EPAM Systems Inc;2016;2015;Software & IT Services;28.61089773;31.78679923;29.58407723;23.9378314
ePlus inc;2017;2016;Software & IT Services;22.13617271;44.36365624;13.87245406;6.976420962
EXCO Resources Inc;2010;2009;Oil & Gas;24.48034591;19.36736959;29.63504296;24.18032787
Expedia Inc;2008;2007;Hotels & Entertainment Services;16.71138393;20.12254902;18.12206573;11.26683255
Expedia Inc;2010;2009;Hotels & Entertainment Services;21.67287946;32.61554622;22.94600939;7.992657104
Expedia Inc;2011;2010;Hotels & Entertainment Services;24.67388551;29.41176471;26.7380881;16.9897188
Expedia Inc;2012;2011;Hotels & Entertainment Services;21.93542347;29.1295306;28.43220942;6.353930223
Expedia Inc;2013;2012;Hotels & Entertainment Services;21.66804227;27.84313725;29.87927565;5.226992622
Expedia Inc;2014;2013;Hotels & Entertainment Services;22.27505472;29.00701565;27.62630831;8.542065407
Expedia Inc;2015;2014;Hotels & Entertainment Services;22.83602023;26.66408669;28.56436867;11.90124551
Expedia Inc;2016;2015;Hotels & Entertainment Services;27.03257409;35.86601307;30.96418014;12.60933016
Express Scripts Holding Co;2011;2010;Food & Drug Retailing;23.569853;16.15154536;27.89448556;26.80585314
Extra Space Storage Inc;2015;2014;Residential & Commercial REITs;19.82941535;20.24356618;20.68661972;18.37000935
Extra Space Storage Inc;2016;2015;Residential & Commercial REITs;23.9053962;27.50544662;29.18622848;13.74568274
Extra Space Storage Inc;2017;2016;Residential & Commercial REITs;23.82783417;33.68983957;19.66229193;17.68254123
Fastenal Co;2011;2010;Machinery, Tools, Heavy Vehicles, Trains & Ships;27.85185085;30.46968788;27.66958896;25.14574717
Fastenal Co;2012;2011;Machinery, Tools, Heavy Vehicles, Trains & Ships;26.2085221;28.36240024;26.1023427;23.93106347
Ferro Corp;2016;2015;Chemicals;22.85018016;19.19642857;22.91247485;26.85070779
Ferro Corp;2017;2016;Chemicals;21.71221009;21.52258694;22.0410863;21.54080292
Fidelity National Financial Inc;2015;2014;Insurance;23.3152319;16.73928831;29.42097027;23.53911288
Fidelity National Information Services Inc;2008;2007;Investment Banking & Investment Services;22.11611557;16.32602193;27.41704464;22.40071233
Fidelity National Information Services Inc;2009;2008;Investment Banking & Investment Services;23.75969089;16.44976575;26.97245419;28.16901408
First Citizens BancShares Inc;2009;2008;Banking Services;21.80336221;19.88547631;31.01084382;13.22442854
First Solar Inc;2008;2007;Renewable Energy;;41.42156863;26.99530516;25.35403388
Fiserv Inc;2010;2009;Professional & Commercial Services;24.27279095;21.18407708;25.78314716;25.9579918
Fiserv Inc;2012;2011;Professional & Commercial Services;22.44346154;19.89819005;23.28819068;24.29760404
Fiserv Inc;2013;2012;Professional & Commercial Services;22.34442873;18.57989464;20.56968678;28.60664179
Fiserv Inc;2014;2013;Professional & Commercial Services;23.17296144;18.91948269;25.37708521;25.34908879
Fitbit Inc;2016;2015;Computers, Phones & Household Electronics;14.54846686;12.54901961;14.97652582;16.27912633
Five Prime Therapeutics Inc;2016;2015;Biotechnology & Medical Research;34.04146378;55.89906417;29.85755442;14.54541032
Fleetcor Technologies Inc;2013;2012;Professional & Commercial Services;28.91898582;40.42446524;29.67349552;15.21500566
Fleetcor Technologies Inc;2014;2013;Professional & Commercial Services;27.35583756;42.21073045;27.8826807;10.18307398
Fleetcor Technologies Inc;2016;2015;Professional & Commercial Services;29.52408691;45.47828477;21.66644728;20.88485674
FLIR Systems Inc;2012;2011;Communications & Networking;18.9749531;11.72883788;28.80453452;15.61160151
FLIR Systems Inc;2013;2012;Communications & Networking;20.07348472;11.33428981;29.37135005;18.99343249
FLIR Systems Inc;2015;2014;Communications & Networking;20.68544764;9.684361549;26.31398145;26.39770918
FLIR Systems Inc;2016;2015;Communications & Networking;25.51451533;18.67647059;29.83568075;28.10770054
FormFactor Inc;2011;2010;Semiconductors & Semiconductor Equipment;26.2633612;22.39583333;31.07394366;24.97550119
FormFactor Inc;2015;2014;Semiconductors & Semiconductor Equipment;17.75019607;16.16130988;18.44054015;18.71789823
FormFactor Inc;2016;2015;Semiconductors & Semiconductor Equipment;27.36162898;26.10294118;29.07965032;26.76509218
Forterra Inc;2017;2016;Construction Materials;24.40575102;31.20915033;25.5086072;15.5379815
Fox Factory Holding Corp;2017;2016;Automobiles & Auto Parts;13.05132851;8.84547849;18.68299348;11.18492832
Freedom Oil and Gas Ltd;2014;2013;Oil & Gas;16.42579517;18.03875756;15.76280111;15.39942034
Freedom Oil and Gas Ltd;2015;2014;Oil & Gas;11.92338285;18.49775785;9.742310364;7.133196721
Freedom Oil and Gas Ltd;2016;2015;Oil & Gas;19.35330393;18.29006906;13.8250556;26.97306792
FutureFuel Corp;2017;2016;Renewable Energy;23.8076574;18.16704582;30.02490079;22.85908867
Gentex Corp;2009;2008;Automobiles & Auto Parts;16.59028389;16.42922794;13.65536972;20.18586931
Gentex Corp;2012;2011;Automobiles & Auto Parts;27.16509158;24.63985594;30.22420236;26.41950399
Genuine Parts Co;2012;2011;Automobiles & Auto Parts;22.27915228;12.07983193;31.43144582;22.9962169
Global Payments Inc;2015;2014;Professional & Commercial Services;22.52723916;22.07830152;19.71364612;26.30253204
Global Payments Inc;2016;2015;Professional & Commercial Services;25.18194129;26.57509704;24.09737613;24.89127791
Globalstar Inc;2017;2016;Telecommunications Services;17.76288788;11.5427303;25.2502436;15.98204296
Glu Mobile Inc;2017;2016;Software & IT Services;28.24920891;30.45593702;28.54861511;25.44076053
GMS Inc;2017;2016;Paper & Forest Products;17.53887881;11.14911081;23.14117262;18.14119626
Gogo Inc;2017;2016;Telecommunications Services;22.41877497;23.12834225;28.81988903;14.17730492
Green Plains Inc;2017;2016;Renewable Energy;14.9021365;12.05882353;13.69014085;19.48241475
Groupon Inc;2014;2013;Diversified Retail;24.40794734;25.25275735;28.49911972;18.70433552
GrubHub Inc;2016;2015;Software & IT Services;27.54189758;28.09997238;27.89129141;26.51310989
Hawaiian Holdings Inc;2016;2015;Passenger Transportation Services;25.8043051;25.74734812;29.47356269;21.59702291
Hawaiian Holdings Inc;2017;2016;Passenger Transportation Services;25.63464392;23.06149733;29.67349552;23.8021112
Hci Group Inc;2017;2016;Insurance;29.7414268;34.22397128;26.46961582;28.55266541
Health Insurance Innovations Inc;2017;2016;Insurance;21.94316741;29.41866888;23.30886729;12.02023642
Heartland Financial USA Inc;2017;2016;Banking Services;22.80793746;24.67830882;29.80487089;12.57896163
Hemisphere Media Group Inc;2017;2016;Media & Publishing;23.29193135;29.21854873;27.12552688;12.22315652
Henry Schein Inc;2013;2012;Healthcare Equipment & Supplies;38.39689487;65.49953315;24.71495641;24.10899698
Heron Therapeutics Inc;2017;2016;Biotechnology & Medical Research;27.86291606;33.61977321;26.28118106;23.28647176
Hingham Institution For Savings;2017;2016;Banking Services;24.79260611;37.42340686;17.12881455;19.63252003
HollyFrontier Corp;2009;2008;Oil & Gas;28.58958942;31.35405105;27.59766144;26.66243362
HollyFrontier Corp;2012;2011;Oil & Gas;27.22973193;32.4792038;23.44928155;25.77805801
Hospitality Properties Trust;2009;2008;Residential & Commercial REITs;27.64025822;40.53438277;28.94267011;11.75055799
Hospitality Properties Trust;2010;2009;Residential & Commercial REITs;28.26901042;41.49159664;29.68645205;11.87926913
Hospitality Properties Trust;2011;2010;Residential & Commercial REITs;33.34131206;46.21401752;29.39017081;23.5902802
Hospitality Properties Trust;2012;2011;Residential & Commercial REITs;32.03293706;44.83065954;29.342723;20.89785624
Hospitality Properties Trust;2014;2013;Residential & Commercial REITs;32.56292553;45.6287102;25.30042641;26.45086128
Hospitality Properties Trust;2015;2014;Residential & Commercial REITs;31.91674569;44.72394221;24.21546825;26.60365283
Hostess Brands Inc;2017;2016;Food & Tobacco;24.02894649;36.26926707;26.66641561;7.314157847
IAC/InterActiveCorp;2013;2012;Software & IT Services;20.33297081;27.67494929;22.7780476;9.302561159
IAC/InterActiveCorp;2014;2013;Software & IT Services;19.91068188;31.13710051;19.08617057;8.355662811
IAC/InterActiveCorp;2015;2014;Software & IT Services;22.63152313;33.22706705;23.25913523;10.08959779
IAC/InterActiveCorp;2016;2015;Software & IT Services;23.48671166;40.5274786;17.84037559;11.06241183
IAC/InterActiveCorp;2017;2016;Software & IT Services;26.25440297;43.11720971;20.04555212;14.68321531
ICU Medical Inc;2016;2015;Healthcare Equipment & Supplies;20.65604262;23.52941176;17.1574904;21.52502797
ILG Inc;2017;2016;Hotels & Entertainment Services;23.39869353;23.65827774;23.95818208;22.45811298
Impinj Inc;2017;2016;Semiconductors & Semiconductor Equipment;18.60781889;14.11290323;14.27192185;28.66524437
Inogen Inc;2016;2015;Healthcare Equipment & Supplies;29.01765878;28.52049911;31.14241002;27.09879846
Installed Building Products Inc;2017;2016;Construction & Engineering;28.17258902;27.16176471;29.93661972;27.24619351
Intellia Therapeutics Inc;2017;2016;Biotechnology & Medical Research;28.13044824;41.48653437;27.36721534;14.13004955
International Speedway Corp;2009;2008;Hotels & Entertainment Services;20.15669014;20.31897266;25.98690736;13.1897945
International Speedway Corp;2010;2009;Hotels & Entertainment Services;20.43329613;24.84243697;25.22635815;9.939378415
International Speedway Corp;2011;2010;Hotels & Entertainment Services;24.04951874;36.21714643;24.46059335;10.00714203
International Speedway Corp;2012;2011;Hotels & Entertainment Services;25.10216783;35.75460487;29.11509461;8.55653636
International Speedway Corp;2013;2012;Hotels & Entertainment Services;23.22713697;34.63585434;26.12340711;7.138154007
International Speedway Corp;2014;2013;Hotels & Entertainment Services;24.11373585;36.02266595;27.31619072;7.110759757
International Speedway Corp;2015;2014;Hotels & Entertainment Services;26.72457984;34.70072239;26.58759575;17.99258275
International Speedway Corp;2016;2015;Hotels & Entertainment Services;32.79275287;43.78177197;27.62563033;26.5568906
Intrepid Potash Inc;2011;2010;Chemicals;21.91500304;21.71764706;31.12676056;11.41312472
Intrepid Potash Inc;2014;2013;Chemicals;24.19278305;18.24381927;30.13880384;23.90363651
Intrepid Potash Inc;2015;2014;Chemicals;22.26703831;17.92866083;22.9747278;26.27955825
IPG Photonics Corp;2013;2012;Machinery, Tools, Heavy Vehicles, Trains & Ships;23.80441083;13.04315696;30.63203341;27.85365771
IPG Photonics Corp;2014;2013;Machinery, Tools, Heavy Vehicles, Trains & Ships;20.38732985;12.29148376;26.11239577;22.74860614
IPG Photonics Corp;2015;2014;Machinery, Tools, Heavy Vehicles, Trains & Ships;20.60563873;11.022203;22.5041425;29.07907908
Iridium Communications Inc;2017;2016;Telecommunications Services;22.83403118;24.19533851;18.73062273;26.09260662
ITT Educational Services Inc;2014;2013;Professional & Commercial Services;;;20.66963183;27.63417805
KAR Auction Services Inc;2012;2011;Specialty Retailers;20.29418803;17.93300654;31.02503912;10.43631778
KAR Auction Services Inc;2013;2012;Specialty Retailers;21.26010043;17.73815721;31.04823632;13.79345275
Kennedy-Wilson Holdings Inc;2016;2015;Real Estate Operations;27.44116711;27.24779031;31.56243158;22.85985309
L3 Technologies Inc;2009;2008;Aerospace & Defense;18.24955986;11.76470588;23.67957746;19.15839298
L3 Technologies Inc;2010;2009;Aerospace & Defense;18.35407986;11.8872549;23.8458529;19.17093579
L3 Technologies Inc;2011;2010;Aerospace & Defense;13.28402789;10.41021672;20.77464789;7.769030179
L3 Technologies Inc;2012;2011;Aerospace & Defense;14.93020013;10.83213773;26.26245277;6.308532997
L3 Technologies Inc;2013;2012;Aerospace & Defense;15.51276657;11.76470588;26.67468224;6.699194678
L3 Technologies Inc;2014;2013;Aerospace & Defense;14.70560233;9.648493544;26.72621092;6.351834901
L3 Technologies Inc;2015;2014;Aerospace & Defense;16.42917308;13.27116212;27.94572312;6.54506966
L3 Technologies Inc;2017;2016;Aerospace & Defense;25.98538693;24.01960784;30.39347194;23.04602534
Lamar Advertising Co;2010;2009;Residential & Commercial REITs;20.159726;20.74808184;26.86007348;11.7050888
Lear Corp;2010;2009;Automobiles & Auto Parts;24.67211341;23.41452206;31.15096831;18.53305626
Leggett & Platt Inc;2008;2007;Household Goods;16.16287202;15.58823529;17.74647887;14.96023614
LendingClub Corp;2017;2016;Banking Services;31.10537988;39.44546569;25.9903169;27.76183295
Leucadia National Corp;2012;2011;Investment Holding Companies;19.06973836;3.661464586;25.51020408;28.74989491
Leucadia National Corp;2013;2012;Investment Holding Companies;20.3014834;9.219457014;25.59588299;26.49288379
Liberty Broadband Corp;2016;2015;Media & Publishing;26.49788576;35.76680672;22.46981891;20.85372379
Liberty Broadband Corp;2017;2016;Media & Publishing;24.6987473;36.56075569;19.31222371;17.74508509
Liberty Expedia Holdings Inc;2017;2016;Software & IT Services;19.64278977;23.23966761;21.2183884;13.79926198
Liberty Interactive Corp;2012;2011;Diversified Retail;19.56591181;5.634964266;28.05712781;25.21227406
Liberty Tripadvisor Holdings Inc;2016;2015;Software & IT Services;19.25094175;30.08837338;18.6867685;7.826531109
Liberty Tripadvisor Holdings Inc;2017;2016;Software & IT Services;20.42852691;32.0303958;18.99837688;9.159896872
Life Storage Inc;2016;2015;Residential & Commercial REITs;26.22370957;28.81263617;24.52616936;25.31351851
Live Oak Bancshares Inc;2017;2016;Banking Services;30.65203631;33.62438725;29.98092723;28.11972286
LKQ Corp;2016;2015;Automobiles & Auto Parts;25.10595484;19.055334;27.95416567;28.53577857
LogMeIn Inc;2016;2015;Software & IT Services;30.45353993;37.21347694;30.63545593;22.70613416
Lumentum Holdings Inc;2016;2015;Communications & Networking;28.03304678;36.80795848;27.85832643;18.45454103
Match Group Inc;2017;2016;Software & IT Services;29.68611274;43.57642685;17.4747369;28.4150689
Maxar Technologies Ltd;2012;2011;Communications & Networking;;;12.58420086;28.55191257
Maxar Technologies Ltd;2013;2012;Communications & Networking;16.28902289;6.393861893;16.93202694;26.57127962
Maxar Technologies Ltd;2016;2015;Communications & Networking;17.78514408;9.742647059;25.49882629;17.77233032
MaxLinear Inc;2016;2015;Semiconductors & Semiconductor Equipment;17.12222961;14.84533469;21.18746965;14.92873474
Medicines Co;2016;2015;Pharmaceuticals;21.90598126;15.19607843;25.69732118;24.9730019
Mercury Systems Inc;2017;2016;Aerospace & Defense;22.37130248;13.38484546;25.48340893;28.76670442
Michaels Companies Inc;2016;2015;Specialty Retailers;21.4543382;20.83678542;31.73973418;10.17123121
MKS Instruments Inc;2016;2015;Machinery, Tools, Heavy Vehicles, Trains & Ships;22.9475225;25.17622752;24.37725527;18.79894926
Monster Beverage Corp;2011;2010;Beverages;;;20.49866768;23.97626366
Monster Beverage Corp;2012;2011;Beverages;;;18.68653783;21.09887555
Monster Beverage Corp;2013;2012;Beverages;18.59822742;26.85421995;14.11512554;14.61286255
Monster Beverage Corp;2014;2013;Beverages;21.95583376;29.28921569;22.68192488;12.93579376
Monster Beverage Corp;2015;2014;Beverages;20.33717528;25.28835063;22.63186965;12.14695848
Monster Beverage Corp;2017;2016;Beverages;;;26.56125432;16.30053023
Mosaic Co;2008;2007;Chemicals;24.38470891;32.76542324;20.20783236;19.90388368
Mosaic Co;2009;2008;Chemicals;24.16587211;20.52214144;25.44706441;26.73651197
MRC Global Inc;2016;2015;Machinery, Tools, Heavy Vehicles, Trains & Ships;18.65307561;19.64935811;17.65380557;18.70555042
MRC Global Inc;2017;2016;Machinery, Tools, Heavy Vehicles, Trains & Ships;19.3441451;20.19996117;16.60856226;21.57415965
MSG Networks Inc;2015;2014;Media & Publishing;19.09252674;16.48606811;25.401532;14.65481875
MSG Networks Inc;2016;2015;Media & Publishing;21.7481454;24.35548293;29.84263606;9.420148854
MSG Networks Inc;2017;2016;Media & Publishing;24.55254498;27.69102486;30.26717003;14.40246284
Mueller Industries Inc;2016;2015;Machinery, Tools, Heavy Vehicles, Trains & Ships;19.18873446;18.77734565;15.89163078;23.4849443
NantHealth Inc;2017;2016;Healthcare Equipment & Supplies;23.22949265;27.11937716;26.20650373;15.42818227
NBT Bancorp Inc;2016;2015;Banking Services;20.28952346;20.48079506;27.57412052;11.59750936
Netflix Inc;2012;2011;Software & IT Services;15.86035613;19.03594771;11.67188315;17.19546028
Netflix Inc;2013;2012;Software & IT Services;13.53931107;17.41486068;8.561897702;15.01240904
Netflix Inc;2014;2013;Software & IT Services;11.96095115;17.64705882;9.166474255;8.874927186
Netflix Inc;2015;2014;Software & IT Services;19.68446181;20.63419118;15.10783451;23.95264117
Netflix Inc;2016;2015;Software & IT Services;22.57652703;23.41482047;18.04463142;26.9168653
New Media Investment Group Inc;2017;2016;Media & Publishing;24.84659852;23.03563761;29.42839519;21.53246374
New York Community Bancorp Inc;2009;2008;Banking Services;16.97919004;22.07183758;16.90140845;11.39267298
New York Community Bancorp Inc;2010;2009;Banking Services;21.88063573;20.63875168;30.61229975;13.10194672
New York Community Bancorp Inc;2011;2010;Banking Services;18.5267442;23.88975458;22.87333271;7.48916239
New York Community Bancorp Inc;2012;2011;Banking Services;21.81031431;34.06072106;24.22080872;5.348465742
New York Community Bancorp Inc;2013;2012;Banking Services;21.18269464;31.62233046;24.00197363;6.26361196
New York Community Bancorp Inc;2014;2013;Banking Services;20.93280516;31.51456844;23.63432934;5.992344179
Nexeo Solutions Inc;2017;2016;Chemicals;26.67489092;24.18752031;29.56579255;26.08287757
NRG Yield Inc;2016;2015;Electric Utilities & IPPs;21.83728359;35.32333463;14.88667102;14.89371017
NRG Yield Inc;2017;2016;Electric Utilities & IPPs;24.14127209;36.72816953;15.41422448;20.26768775
Oasis Petroleum Inc;2012;2011;Oil & Gas;22.16358586;20.89275104;18.44145682;27.91256831
Oceaneering International Inc;2010;2009;Oil & Gas Related Equipment and Services;23.51115785;30.05279035;23.73600578;15.95713798
Old Republic International Corp;2008;2007;Insurance;16.4953125;22.59103641;13.41381623;13.28673888
Old Republic International Corp;2009;2008;Insurance;16.55934161;24.80314961;11.92747033;12.76071731
Old Republic International Corp;2011;2010;Insurance;21.22049558;21.65952474;20.67904113;21.3613035
Old Republic International Corp;2012;2011;Insurance;20.61166667;20.38235294;21.46948357;19.86885246
Old Republic International Corp;2013;2012;Insurance;17.63705858;19.66911765;18.11990363;14.80981243
Old Republic International Corp;2014;2013;Insurance;18.39581946;20.23229674;21.05050686;13.25871682
Old Republic International Corp;2015;2014;Insurance;22.20704037;20.44299201;20.23126413;26.47319451
Old Republic International Corp;2016;2015;Insurance;22.96741557;22.12107065;19.28981295;28.19137034
On Assignment Inc;2016;2015;Professional & Commercial Services;24.10217657;19.11764706;25.69886323;27.80026268
ORBCOMM Inc;2017;2016;Telecommunications Services;16.60055761;11.76470588;17.8802374;20.50187979
Paccar Inc;2008;2007;Machinery, Tools, Heavy Vehicles, Trains & Ships;35.73371024;50.27724204;31.57469407;24.36207065
Park Hotels & Resorts Inc;2017;2016;Residential & Commercial REITs;25.16043186;39.04639175;10.57790039;26.65411156
Park Ohio Holdings Corp;2017;2016;Machinery, Tools, Heavy Vehicles, Trains & Ships;10.12756649;12.54262575;4.169218208;14.37049597
Patterson Companies Inc;2008;2007;Healthcare Equipment & Supplies;31.84681477;42.16751918;31.15431721;21.14778899
Patterson Companies Inc;2009;2008;Healthcare Equipment & Supplies;28.33413053;36.52460984;20.79620581;27.97741023
Patterson-UTI Energy Inc;2009;2008;Oil & Gas Related Equipment and Services;22.63760531;24.71796938;19.19737604;24.32271223
Patterson-UTI Energy Inc;2010;2009;Oil & Gas Related Equipment and Services;20.73663862;23.26546003;20.19682196;18.54593579
Patterson-UTI Energy Inc;2012;2011;Oil & Gas Related Equipment and Services;25.29678479;19.84467944;28.97610381;27.09205549
Performance Food Group Co;2017;2016;Food & Drug Retailing;30.61313503;37.89865344;27.99932123;25.5338814
Plains GP Holdings LP;2016;2015;Oil & Gas Related Equipment and Services;16.33154968;18.05937328;23.14071344;6.480031133
Plains GP Holdings LP;2017;2016;Oil & Gas Related Equipment and Services;21.20375217;25.48569887;24.55097558;12.53448599
Primoris Services Corp;2017;2016;Construction & Engineering;24.5677118;38.7605042;26.35096292;6.670650943
Pure Storage Inc;2017;2016;Computers, Phones & Household Electronics;12.83798615;8.225324028;13.78610647;16.87642027
Qualcomm Inc;2008;2007;Communications & Networking;27.15659376;;31.58271664;16.7679373
Ralph Lauren Corp;2009;2008;Textiles & Apparel;23.84263393;;22.45975855;24.45477166
Ralph Lauren Corp;2011;2010;Textiles & Apparel;18.06380208;;28.66197183;9.47148224
Ralph Lauren Corp;2015;2014;Textiles & Apparel;33.29868338;;30.58978873;26.95265041
Re/Max Holdings Inc;2017;2016;Real Estate Operations;22.36452086;18.49155504;30.76628085;16.90282768
Renewable Energy Group Inc;2017;2016;Renewable Energy;20.44320475;13.47058824;25.91549296;21.84657294
REV Group Inc;2017;2016;Automobiles & Auto Parts;18.01974417;11.7427568;21.03741854;21.50466647
Roper Technologies Inc;2009;2008;Machinery, Tools, Heavy Vehicles, Trains & Ships;21.71058294;11.47875817;25.17605634;29.08296775
Roper Technologies Inc;2010;2009;Machinery, Tools, Heavy Vehicles, Trains & Ships;21.29114583;10.55147059;25.47535211;28.39310109
Roper Technologies Inc;2012;2011;Machinery, Tools, Heavy Vehicles, Trains & Ships;24.07287807;20.10804322;24.93532624;27.48886087
Roper Technologies Inc;2014;2013;Machinery, Tools, Heavy Vehicles, Trains & Ships;26.80638499;30.01730104;29.35653134;20.25880003
Royal Gold Inc;2011;2010;Metals & Mining;27.90260892;28.92689685;26.16860584;28.77904563
Royal Gold Inc;2012;2011;Metals & Mining;24.21573923;27.31017939;20.88702427;24.6406053
Royal Gold Inc;2013;2012;Metals & Mining;21.30373406;25.69765107;17.26433687;21.10719049
Royal Gold Inc;2015;2014;Metals & Mining;23.69199821;26.13995263;25.94526893;18.34047162
Royal Gold Inc;2016;2015;Metals & Mining;22.52442755;25.63709523;23.00316557;18.49734883
RPM International Inc;2012;2011;Chemicals;30.53371795;39.6719457;25.13001083;26.63640185
RPM International Inc;2013;2012;Chemicals;29.84977981;44.66637401;20.89026697;23.76120613
RPM International Inc;2014;2013;Chemicals;26.88398808;44.19224211;20.01428863;15.58542065
RPM International Inc;2015;2014;Chemicals;28.04990629;42.52190238;20.09789232;21.17281216
RPM International Inc;2016;2015;Chemicals;28.83594037;40.58123249;23.84305835;21.55421511
Rush Enterprises Inc;2017;2016;Specialty Retailers;31.47227253;46.88057041;26.41912079;20.17734661
Sally Beauty Holdings Inc;2014;2013;Specialty Retailers;22.42831494;;29.05396984;20.64121828
SBA Communications Corp;2009;2008;Residential & Commercial REITs;21.51841549;27.47058824;18.5;18.39644424
SBA Communications Corp;2010;2009;Residential & Commercial REITs;22.49713542;23.03475936;18.22023047;26.87585383
SBA Communications Corp;2012;2011;Residential & Commercial REITs;26.04039495;19.47343454;31.74125398;26.72551492
SBA Communications Corp;2014;2013;Residential & Commercial REITs;20.79139612;17.74227677;23.03678184;21.57693268
Seaboard Corp;2016;2015;Food & Tobacco;17.2850217;22.26283577;19.30310185;9.387070098
Seaboard Corp;2017;2016;Food & Tobacco;18.64181381;23.73387858;22.32808616;8.674834432
Senior Housing Properties Trust;2013;2012;Residential & Commercial REITs;23.49400291;18.18507891;26.64032978;25.75002955
Senior Housing Properties Trust;2014;2013;Residential & Commercial REITs;23.13161309;21.20915033;27.35524257;20.35865857
Senior Housing Properties Trust;2015;2014;Residential & Commercial REITs;23.49651575;21.3800905;23.51029252;25.8397742
ServiceNow Inc;2014;2013;Software & IT Services;22.47548863;19.18712367;28.50171898;19.12706998
Silgan Holdings Inc;2011;2010;Containers & Packaging;18.75429496;10.99744246;20.11635028;25.81593502
Silgan Holdings Inc;2012;2011;Containers & Packaging;15.73166667;8.99321267;18.60780065;19.89575452
Silgan Holdings Inc;2013;2012;Containers & Packaging;15.25965056;8.062880325;21.17532783;16.39681923
Silgan Holdings Inc;2014;2013;Containers & Packaging;12.77005895;8.681214421;16.12903226;13.41849047
Silgan Holdings Inc;2015;2014;Containers & Packaging;13.1113908;8.780276817;15.86578293;14.73358605
Silgan Holdings Inc;2016;2015;Containers & Packaging;13.82954474;10.56501548;10.58191253;21.24872306
Silgan Holdings Inc;2017;2016;Containers & Packaging;13.51748328;9.272875817;6.240219092;26.71943516
Simmons First National Corp;2017;2016;Banking Services;23.75453089;25.04595588;25.97075509;19.73536995
Sinclair Broadcast Group Inc;2016;2015;Media & Publishing;20.45625795;24.17016807;25.60865191;10.31911271
Sirius XM Holdings Inc;2010;2009;Media & Publishing;28.98547305;36.14311704;24.73500799;25.95372268
Sirius XM Holdings Inc;2011;2010;Media & Publishing;30.67201748;36.59502262;26.48293608;28.94513927
Sirius XM Holdings Inc;2012;2011;Media & Publishing;27.11527438;31.77570093;28.81400553;19.94283312
Sonic Automotive Inc;2017;2016;Specialty Retailers;32.78352923;38.47593583;31.06274008;28.44078138
Sotheby's;2016;2015;Specialty Retailers;28.17578363;24.06793703;31.36778417;29.03974315
Southside Bancshares Inc;2017;2016;Banking Services;28.42178632;40.30330882;22.78217919;21.7409433
Spark Energy Inc;2017;2016;Electric Utilities & IPPs;16.90020182;11.28973328;30.54413437;7.273851799
Splunk Inc;2015;2014;Software & IT Services;14.45363895;24.09502262;14.69023934;3.43047966
SRC Energy Inc;2016;2015;Oil & Gas;20.99247949;24.72017147;12.41090266;26.82541227
Stamps.Com Inc;2017;2016;Specialty Retailers;23.40996378;22.21033868;29.26589842;17.93132683
Steel Dynamics Inc;2009;2008;Metals & Mining;23.37387058;26.3318535;21.5209496;22.23312553
Steel Dynamics Inc;2010;2009;Metals & Mining;21.30561532;27.37954478;18.69559063;17.57257514
Steel Dynamics Inc;2012;2011;Metals & Mining;23.0126132;28.18627451;18.94416142;21.98066414
Sun Hydraulics Corp;2017;2016;Machinery, Tools, Heavy Vehicles, Trains & Ships;19.18470812;29.48635976;12.5995101;15.3656384
T. Rowe Price Group Inc;2008;2007;Investment Banking & Investment Services;29.82154905;38.6327504;25.93262276;24.52568141
Tableau Software Inc;2016;2015;Software & IT Services;24.69268957;25.11737089;25.76869669;22.9668726
Tableau Software Inc;2017;2016;Software & IT Services;22.79449463;30.19352723;18.31247709;19.76316722
Telephone and Data Systems Inc;2008;2007;Telecommunications Services;18.34084821;18.67647059;26.95171026;7.944233021
Telephone and Data Systems Inc;2011;2010;Telecommunications Services;18.20996313;12.99421408;28.20364812;12.39224675
Telephone and Data Systems Inc;2012;2011;Telecommunications Services;16.4629177;13.35388994;26.175602;8.623791509
Telephone and Data Systems Inc;2013;2012;Telecommunications Services;13.16919116;10.24886878;21.32177681;6.935557394
Telephone and Data Systems Inc;2014;2013;Telecommunications Services;13.37370266;10.70672873;20.40226973;8.165931597
Telephone and Data Systems Inc;2015;2014;Telecommunications Services;16.81194298;11.15618661;27.14424478;11.0905988
Telephone and Data Systems Inc;2016;2015;Telecommunications Services;16.60609726;11.66167104;23.18561048;14.45979472
Telephone and Data Systems Inc;2017;2016;Telecommunications Services;20.15628691;12.8745838;26.95101426;20.36497821
Tellurian Inc;2017;2016;Oil & Gas;24.22539587;28.53065277;23.32560765;20.47338758
TerraForm Power Inc;2016;2015;Electric Utilities & IPPs;27.29409476;31.81729646;27.45546124;22.06401712
TerraForm Power Inc;2017;2016;Electric Utilities & IPPs;30.30408519;34.31677019;28.89948386;27.46579198
Tesla Inc;2016;2015;Automobiles & Auto Parts;34.18867374;42.34795613;31.60658868;28.09845795
TFS Financial Corp;2009;2008;Banking Services;26.44225975;24.57053618;26.42403091;28.54998846
TFS Financial Corp;2010;2009;Banking Services;22.64496462;21.98585541;27.53736157;17.68528005
TFS Financial Corp;2011;2010;Banking Services;21.16078642;22.01986755;28.08273482;12.14642816
TFS Financial Corp;2012;2011;Banking Services;20.73527709;20.77798861;27.85552022;12.40016814
Tile Shop Holdings Inc;2016;2015;Homebuilding & Construction Supplies;25.32149383;18.84674923;28.85470719;28.42681325
TiVo Corp;2012;2011;Media & Publishing;25.43061586;22.86970863;29.23522443;23.85708281
TiVo Corp;2013;2012;Media & Publishing;22.64779958;23.31932773;22.84959759;21.66433118
TiVo Corp;2014;2013;Media & Publishing;24.09247473;26.28205128;22.76393403;23.19796954
TiVo Corp;2015;2014;Media & Publishing;24.67396146;27.18137255;25.9741784;20.36544741
TiVo Corp;2016;2015;Media & Publishing;25.92849195;26.18697479;24.07947686;27.79247945
Toll Brothers Inc;2010;2009;Homebuilding & Construction Supplies;23.42110999;;28.48759222;7.17694143
Tootsie Roll Industries Inc;2016;2015;Food & Tobacco;18.57491552;25.11900714;19.22982985;10.51758525
Tootsie Roll Industries Inc;2017;2016;Food & Tobacco;20.58434134;26.37621894;18.41153875;16.6568218
TopBuild Corp;2016;2015;Construction & Engineering;24.95272255;21.22058824;25.80985915;28.11548378
Torchmark Corp;2011;2010;Insurance;24.2001248;27.5029217;27.32021267;16.88674074
Towne Bank;2016;2015;Banking Services;19.85293958;20.07789417;21.5544408;17.62173469
Towne Bank;2017;2016;Banking Services;21.1764081;21.73713235;21.98014476;19.61584167
Trade Desk Inc;2017;2016;Software & IT Services;27.56594495;41.73955828;13.07660087;28.63049778
TripAdvisor Inc;2012;2011;Hotels & Entertainment Services;18.26154623;20.57338087;18.41655997;15.50399327
TripAdvisor Inc;2013;2012;Hotels & Entertainment Services;20.67990045;20.78431373;19.57746479;21.84666813
TripAdvisor Inc;2015;2014;Hotels & Entertainment Services;20.66321585;20.47213622;18.28514949;23.64413594
Tutor Perini Corp;2016;2015;Construction & Engineering;20.84531157;27.86764706;16.85915493;17.65675925
Tutor Perini Corp;2017;2016;Construction & Engineering;21.98986405;24.60984394;18.92066686;22.64157499
Twenty-First Century Fox Inc;2013;2012;Media & Publishing;45.07381473;77.15336134;31.80331992;24.75899445
Twitter Inc;2015;2014;Software & IT Services;24.57550908;30.75894694;28.38077416;13.25341735
Twitter Inc;2016;2015;Software & IT Services;27.79051908;39.86467827;27.67969318;14.45979472
U.S. Silica Holdings Inc;2016;2015;Metals & Mining;31.59691046;34.45790081;31.49682408;28.52410371
Ubiquiti Networks Inc;2016;2015;Communications & Networking;19.02917612;23.44290657;20.38111019;12.53538941
Ubiquiti Networks Inc;2017;2016;Communications & Networking;17.5472128;24.74264706;17.5;9.58102558
United Community Banks Inc;2016;2015;Banking Services;26.03094861;19.11093204;29.96655733;29.16427494
United Therapeutics Corp;2010;2009;Biotechnology & Medical Research;29.6781838;40.84440228;30.44070877;16.34306694
Universal Health Services Inc;2009;2008;Healthcare Providers & Services;27.54401408;41.56862745;26.38497653;13.25906257
Universal Health Services Inc;2010;2009;Healthcare Providers & Services;27.46703266;44.23688394;28.26417967;7.844945355
Universal Health Services Inc;2012;2011;Healthcare Providers & Services;21.00820513;28.69532428;24.7020585;8.139554435
Universal Health Services Inc;2013;2012;Healthcare Providers & Services;23.78877069;28.94548063;29.93816558;10.88281474
Urban Outfitters Inc;2011;2010;Specialty Retailers;26.70898146;30.81026528;24.52361226;24.68068497
Urban Outfitters Inc;2012;2011;Specialty Retailers;27.10440171;30.58278867;24.97391758;25.70659941
Verifone Systems Inc;2014;2013;Software & IT Services;30.3748691;38.02686429;26.00643229;26.92935009
Vishay Intertechnology Inc;2010;2009;Semiconductors & Semiconductor Equipment;19.13082108;14.90051903;27.83761392;13.71243169
Vishay Intertechnology Inc;2011;2010;Semiconductors & Semiconductor Equipment;19.59246771;15.60968137;28.13967136;14.08391051
Vishay Intertechnology Inc;2014;2013;Semiconductors & Semiconductor Equipment;21.19277318;6.517027864;30.34840623;26.89606391
Vivint Solar Inc;2017;2016;Electric Utilities & IPPs;17.79099471;7.343807088;30.64473799;14.47612562
Vornado Realty Trust;2009;2008;Residential & Commercial REITs;32.34761346;46.91358025;30.96852721;17.71530824
W. R. Berkley Corp;2012;2011;Insurance;24.105;21.08823529;29.28169014;21.44262295
W. R. Berkley Corp;2014;2013;Insurance;25.3133855;20.68190333;30.23683502;24.74577682
Watsco Inc;2016;2015;Machinery, Tools, Heavy Vehicles, Trains & Ships;18.19867879;13.01652893;20.93760913;20.78756628
WellCare Health Plans Inc;2010;2009;Healthcare Providers & Services;32.56087416;55.6836248;31.61400837;7.886782787
Werner Enterprises Inc;2016;2015;Freight & Logistics Services;23.42593692;17.9557008;28.62980351;23.46694557
Western Digital Corp;2008;2007;Computers, Phones & Household Electronics;27.23621212;24.05882353;31.15492958;26.21708892
Westlake Chemical Corp;2009;2008;Chemicals;18.75698291;14.67283543;28.61212217;11.83906719
Westlake Chemical Corp;2010;2009;Chemicals;19.48006652;15.12813046;29.1103054;13.12243852
Westlake Chemical Corp;2011;2010;Chemicals;23.3437305;19.17647059;30.43943662;19.73026392
Westlake Chemical Corp;2012;2011;Chemicals;19.29141026;17.66968326;25.30335861;14.10172341
Westlake Chemical Corp;2013;2012;Chemicals;20.60315762;15.91308165;29.95059912;14.95163006
Westlake Chemical Corp;2014;2013;Chemicals;19.86323475;14.66325661;25.25005103;19.39003079
Westlake Chemical Corp;2015;2014;Chemicals;20.17119779;14.92490613;27.78943163;17.1523983
Westlake Chemical Corp;2016;2015;Chemicals;17.73279992;17.93592437;20.29678068;14.52206061
Westlake Chemical Corp;2017;2016;Chemicals;18.98764869;18.20766981;24.39887946;13.55881556
Wildhorse Resource Development Corp;2017;2016;Oil & Gas;20.07383072;20.6378754;24.3656029;14.44971821
William Lyon Homes;2017;2016;Homebuilding & Construction Supplies;25.2124894;29.88235294;26.97887324;17.95078493
Windstream Holdings Inc;2016;2015;Telecommunications Services;23.79726701;16.83214687;28.35292007;26.25918179
Worldpay Inc;2016;2015;Professional & Commercial Services;25.25696877;27.11257092;31.47565597;15.95028457
Wynn Resorts Ltd;2008;2007;Hotels & Entertainment Services;22.68221726;27.18137255;23.19248826;17.07284348
Wynn Resorts Ltd;2010;2009;Hotels & Entertainment Services;26.82779018;29.04411765;26.50067069;24.73787568
Wynn Resorts Ltd;2013;2012;Hotels & Entertainment Services;22.40258202;30.93837535;24.23205902;10.75788016
Wynn Resorts Ltd;2014;2013;Hotels & Entertainment Services;24.7515275;31.48947652;25.83021062;15.98485479
Xperi Corp;2017;2016;Semiconductors & Semiconductor Equipment;15.50653212;12.68975332;11.00068151;23.89106248
Zayo Group Holdings Inc;2016;2015;Telecommunications Services;19.84530798;18.63057325;16.43940074;25.1636912
Zayo Group Holdings Inc;2017;2016;Telecommunications Services;21.1592596;20.64372919;15.82513952;27.94251524
Zebra Technologies Corp;2011;2010;Electronic Equipment & Parts;20.2342065;;21.54101077;28.39566257
Zynga Inc;2016;2015;Software & IT Services;28.28181102;42.27941176;23.4375;18.31638858
Zynga Inc;2017;2016;Software & IT Services;28.5519229;40.31862745;25.43035994;19.06823536
